{"cameraMode":{"drawMode":0,"name":"Shaded","section":"Shading Mode"},"sceneLighting":true,"audioPlay":false,"sceneViewState":{"m_AlwaysRefresh":false,"showFog":true,"showSkybox":true,"showFlares":true,"showImageEffects":true,"showParticleSystems":true,"showVisualEffectGraphs":true,"m_FxEnabled":true},"in2DMode":false,"pivot":{"x":-11.971755981445313,"y":-31.673057556152345,"z":122.64289855957031},"rotation":{"x":-0.36404937505722048,"y":0.0008339146734215319,"z":-0.0003313714114483446,"w":-0.9313849806785584},"size":168.2101287841797,"orthographic":false}